Title,Link,Date_Posted,Scraped_At
"InterContinental Recruiting: Front End Web Developer, WFH",https://weworkremotely.com/remote-jobs/intercontinental-recruiting-front-end-web-developer-wfh,"Fri, 05 Jun 2026 18:44:00 +0000",2026-06-26
Anexia Internetdienstleistungs: Technical Advisor – Training & Quality (M/W/D),https://weworkremotely.com/remote-jobs/anexia-internetdienstleistungs-technical-advisor-training-quality-m-w-d,"Thu, 04 Jun 2026 16:08:35 +0000",2026-06-26
Adoreal: Web Development Manager (Marketing & Webflow),https://weworkremotely.com/remote-jobs/adoreal-web-development-manager-marketing-webflow,"Thu, 04 Jun 2026 16:08:35 +0000",2026-06-26
Anexia Internetdienstleistungs: Senior Linux System Engineer (M/W/D),https://weworkremotely.com/remote-jobs/anexia-internetdienstleistungs-senior-linux-system-engineer-m-w-d,"Thu, 04 Jun 2026 16:08:35 +0000",2026-06-26
Hostinger: Full-Stack Developer (Node.js) | Website Builder | Based in Poland,https://weworkremotely.com/remote-jobs/hostinger-full-stack-developer-node-js-website-builder-based-in-poland,"Thu, 04 Jun 2026 16:08:35 +0000",2026-06-26
Akamai: Senior Lead Software Engineer II,https://weworkremotely.com/remote-jobs/akamai-senior-lead-software-engineer-ii,"Wed, 03 Jun 2026 20:03:59 +0000",2026-06-26
POS+: Full-Stack JavaScript Engineer (Remote - LATAM or Europe),https://weworkremotely.com/remote-jobs/pos-full-stack-javascript-engineer-remote-latam-or-europe,"Wed, 03 Jun 2026 17:06:51 +0000",2026-06-26
Lemon.io: Senior React Full-stack Developer,https://weworkremotely.com/remote-jobs/lemon-io-senior-react-full-stack-developer-4,"Wed, 03 Jun 2026 08:53:05 +0000",2026-06-26
Insignia Consultancy Solutions: Devops lead,https://weworkremotely.com/remote-jobs/insignia-consultancy-solutions-devops-lead,"Tue, 02 Jun 2026 20:31:13 +0000",2026-06-26
Merchant Innovate: Senior DevOps Engineer (Web3),https://weworkremotely.com/remote-jobs/merchant-innovate-senior-devops-engineer-web3,"Tue, 02 Jun 2026 20:31:13 +0000",2026-06-26
"Binance: DevOps Engineer, Futures",https://weworkremotely.com/remote-jobs/binance-devops-engineer-futures,"Tue, 02 Jun 2026 20:31:07 +0000",2026-06-26
Lemon.io: Senior AI Engineer / Architect,https://weworkremotely.com/remote-jobs/lemon-io-senior-ai-engineer-architect,"Tue, 02 Jun 2026 16:36:48 +0000",2026-06-26
Storetasker: Senior Shopify Developer (Remote + Flexible),https://weworkremotely.com/remote-jobs/storetasker-senior-shopify-developer-remote-flexible-3,"Mon, 13 May 2024 03:14:30 +0000",2026-06-26
Reveleer: Full Stack AI Engineer,https://weworkremotely.com/remote-jobs/reveleer-full-stack-ai-engineer,"Thu, 02 Apr 2026 20:46:00 +0000",2026-06-26
Tether: AI Research Engineer,https://weworkremotely.com/remote-jobs/tether-ai-research-engineer,"Thu, 02 Apr 2026 20:28:59 +0000",2026-06-26
comparis.ch: Full Stack Software Developer 80-100% (f/m/x),https://weworkremotely.com/remote-jobs/comparis-ch-full-stack-software-developer-80-100-f-m-x,"Thu, 30 Apr 2026 13:55:58 +0000",2026-06-26
Linkage Web Development: [Active Pooling] Lead Generation Specialist - Virtual Assistant,https://weworkremotely.com/remote-jobs/linkage-web-development-active-pooling-lead-generation-specialist-virtual-assistant,"Thu, 28 May 2026 21:38:25 +0000",2026-06-26
Community Sports Partners: Web Developer,https://weworkremotely.com/remote-jobs/community-sports-partners-web-developer,"Thu, 28 May 2026 21:38:25 +0000",2026-06-26
Swanson Health: Shopify Developer,https://weworkremotely.com/remote-jobs/swanson-health-shopify-developer,"Thu, 28 May 2026 21:38:25 +0000",2026-06-26
thehivecareers.co: Web Developer (Remote),https://weworkremotely.com/remote-jobs/thehivecareers-co-web-developer-remote,"Thu, 28 May 2026 21:38:25 +0000",2026-06-26
Akamai: Senior DevOps Engineer II,https://weworkremotely.com/remote-jobs/akamai-senior-devops-engineer-ii,"Thu, 28 May 2026 21:38:04 +0000",2026-06-26
Horizon3 AI: Webapp Offensive Security Software Engineer,https://weworkremotely.com/remote-jobs/horizon3-ai-webapp-offensive-security-software-engineer,"Thu, 28 May 2026 21:38:04 +0000",2026-06-26
Developex: Project and Presale Manager,https://weworkremotely.com/remote-jobs/developex-project-and-presale-manager,"Thu, 28 May 2026 21:38:04 +0000",2026-06-26
EngagedMD: Senior Software Engineer ,https://weworkremotely.com/remote-jobs/engagedmd-senior-software-engineer,"Thu, 28 May 2026 14:14:16 +0000",2026-06-26
"comparis.ch: Backend Engineer, 80-100% (f/m/x) ",https://weworkremotely.com/remote-jobs/comparis-ch-backend-engineer-80-100-f-m-x,"Mon, 27 Apr 2026 13:45:28 +0000",2026-06-26
